school,website
Princeton University,https://princeton.edu
Massachusetts Institute of Technology,https://mit.edu
Harvard University,https://harvard.edu
Stanford University,https://stanford.edu
Yale University,https://yale.edu
California Institute of Technology,https://caltech.edu
Duke University,https://duke.edu
Johns Hopkins University,https://jhu.edu
Northwestern University,https://northwestern.edu
University of Pennsylvania,https://upenn.edu
Cornell University,https://cornell.edu
University of Chicago,https://uchicago.edu
Brown University,https://brown.edu
Columbia University,https://columbia.edu
Dartmouth College,https://dartmouth.edu
University of California Los Angeles,https://ucla.edu
University of California Berkeley,https://berkeley.edu
Rice University,https://rice.edu
University of Notre Dame,https://nd.edu
Vanderbilt University,https://vanderbilt.edu
Carnegie Mellon University,https://cmu.edu
University of Michigan Ann Arbor,https://umich.edu
Washington University in St. Louis,https://wustl.edu
Emory University,https://emory.edu
Georgetown University,https://georgetown.edu
University of Virginia,https://virginia.edu
University of North Carolina Chapel Hill,https://unc.edu
University of Southern California,https://usc.edu
University of California San Diego,https://ucsd.edu
New York University,https://nyu.edu
University of Florida,https://ufl.edu
University of Texas at Austin,https://utexas.edu
Georgia Institute of Technology,https://gatech.edu
University of California Davis,https://ucdavis.edu
University of California Irvine,https://uci.edu
University of Illinois Urbana-Champaign,https://illinois.edu
Boston College,https://bc.edu
Tufts University,https://tufts.edu
University of California Santa Barbara,https://ucsb.edu
University of Wisconsin-Madison,https://wisc.edu
Boston University,https://bu.edu
Ohio State University,https://osu.edu
Rutgers University New Brunswick,https://rutgers.edu
University of Maryland College Park,https://umd.edu
University of Rochester,https://rochester.edu
Lehigh University,https://lehigh.edu
Purdue University Main Campus,https://purdue.edu
University of Georgia,https://uga.edu
University of Washington,https://washington.edu
Wake Forest University,https://wfu.edu
Case Western Reserve University,https://case.edu
Texas A&M University,https://tamu.edu
Virginia Tech,https://vt.edu
Florida State University,https://fsu.edu
Northeastern University,https://northeastern.edu
University of Minnesota Twin Cities,https://umn.edu
William & Mary,https://wm.edu
North Carolina State University,https://ncsu.edu
Stony Brook University SUNY,https://stonybrook.edu
University of California Merced,https://ucmerced.edu
University of Massachusetts Amherst,https://umass.edu
Villanova University,https://villanova.edu
Brandeis University,https://brandeis.edu
George Washington University,https://gwu.edu
Michigan State University,https://msu.edu
Pennsylvania State University,https://psu.edu
Santa Clara University,https://scu.edu
Tulane University,https://tulane.edu
University of Miami,https://miami.edu
Rensselaer Polytechnic Institute,https://rpi.edu
University of Connecticut,https://uconn.edu
University of Pittsburgh,https://pitt.edu
Binghamton University SUNY,https://binghamton.edu
Indiana University Bloomington,https://iu.edu
Syracuse University,https://syracuse.edu
Colorado School of Mines,https://mines.edu
Stevens Institute of Technology,https://stevens.edu
University at Buffalo SUNY,https://buffalo.edu
University of California Riverside,https://ucr.edu
Clemson University,https://clemson.edu
Pepperdine University,https://pepperdine.edu
Rutgers University Newark,https://rutgers.edu
University of Illinois Chicago,https://uic.edu
New Jersey Institute of Technology,https://njit.edu
University of California Santa Cruz,https://ucsc.edu
Drexel University,https://drexel.edu
Howard University,https://howard.edu
Marquette University,https://marquette.edu
University of Delaware,https://udel.edu
Worcester Polytechnic Institute,https://wpi.edu
American University,https://american.edu
Baylor University,https://baylor.edu
Fordham University,https://fordham.edu
Loyola Marymount University,https://lmu.edu
Rochester Institute of Technology,https://rit.edu
Southern Methodist University,https://smu.edu
University of South Florida,https://usf.edu
Florida International University,https://fiu.edu
Gonzaga University,https://gonzaga.edu
Rutgers University Camden,https://rutgers.edu
Temple University,https://temple.edu
University of Colorado Boulder,https://colorado.edu
University of Iowa,https://uiowa.edu
Yeshiva University,https://yu.edu
